intended goal,task description,predicted first click,rationale
flax seed hair gel recipe,Your friend is interested in trying a more DIY hair care routine. Find them a recipe for a homemade hair product.,education,"this card was one of the most common ""splitters"" so it would be interesting to see how people try to find it"
"""plopping"" instructions","You've heard people talk about ""plopping"" their hair while it dries, and you aren't sure what it means or how to do it. Find more information on plopping",education,"this card was one of the most common ""splitters"" so it would be interesting to see how people try to find it"
leave in conditioner,Your hair feels too dry after showering and throughout the day. Find something that can help.,products,"this card was one of the most common ""splitters"" so it would be interesting to see how people try to find it"
open ended,When you wake up your hair is frizzy and you want to know how to tame it. Find something that can help.,products,this addresses a specific need someone may come to the website with
tips for curly cuts,"You need a haircut, and you aren't sure what your curly hair needs. Find advice on hair cuts for curly hair.",education,hair cut info was sorted into a few different sections and was a more unique information block
chart of curl patterns,"You've heard that there are different ""types"" of curly hair, and want to know what kind of curls you have. Find something that can help you figure it out.",education,
curl defining brush,You want to have more defined curls. Find something that can help.,Tools/Styling,
influencer with curly hair,You don't know a lot of people with a similar curl pattern to you. Find a way to learn from someone else's experience with curly hair.,education,
explanation of hair porosity,Your hair doesn't seem to be retaining moisture. Find out why this is happening.,education,
Diffuser,Your hair is puffy and frizzy after you blow dry it. Find a way to prevent that.,drying,